id,n,L
2,1,0
3,2,1
4,3,2
5,4,3
6,5,3
7,6,3
8,7,3
9,8,5
10,9,6
11,10,6
12,11,4
13,12,6
14,13,6
15,14,6
16,15,7
17,16,6
18,17,6
19,18,6
20,19,6
21,20,6
22,21,9
23,22,6
24,23,6
25,24,6
26,25,9
27,26,6
28,27,7
29,28,6
30,29,9
31,30,9
32,31,9
33,32,9
34,33,9
35,34,9
36,35,8
37,36,9
38,37,9
39,38,9
40,39,9
41,40,9
42,41,9
43,42,12
44,43,9
45,44,9
46,45,9
47,46,9
48,47,9
49,48,9
50,49,9
51,50,9
52,51,9
53,52,9
54,53,9
55,54,10
56,55,7
57,56,9
58,57,9
59,58,12
60,59,9
61,60,12
62,61,12
63,62,9
64,63,9
65,64,9
66,65,9
67,66,9
68,67,12
69,68,9
70,69,12
71,70,12
72,71,12
73,72,12
74,73,12
75,74,9
76,75,12
77,76,12
78,77,9
79,78,9
80,79,9
81,80,12
82,81,12
83,82,12
84,83,12
85,84,12
86,85,12
87,86,12
88,87,9
89,88,12
90,89,12
91,90,9
92,91,12
93,92,12
94,93,12
95,94,12
96,95,12
97,96,12
98,97,12
99,98,12
100,99,9
101,100,12
102,101,9
103,102,12
104,103,12
105,104,9
106,105,12
107,106,12
108,107,12
109,108,12
110,109,12
111,110,15
112,111,12
113,112,12
114,113,12
115,114,12
116,115,12
117,116,12
118,117,9
119,118,12
120,119,12
121,120,15
122,121,15
123,122,12
124,123,12
125,124,12
126,125,12
127,126,12
128,127,12
129,128,12
130,129,12
131,130,12
132,131,12
133,132,12
134,133,9
135,134,12
136,135,12
137,136,9
138,137,12
139,138,12
140,139,12
141,140,12
142,141,12
143,142,12
144,143,12
145,144,12
146,145,12
147,146,9
148,147,12
149,148,12
150,149,12
151,150,9
152,151,12
153,152,9
154,153,12
155,154,12
156,155,12
157,156,12
158,157,12
159,158,12
160,159,12
161,160,12
162,161,12
163,162,12
164,163,12
165,164,12
166,165,12
167,166,12
168,167,12
169,168,12
170,169,12
171,170,12
172,171,12
173,172,12
174,173,12
175,174,12
176,175,12
177,176,15
178,177,12
179,178,12
180,179,12
181,180,12
182,181,12
183,182,12
184,183,12
185,184,12
186,185,15
187,186,12
188,187,12
189,188,12
190,189,12
191,190,15
192,191,12
193,192,12
194,193,12
195,194,12
196,195,15
197,196,12
198,197,12
199,198,12
200,199,15
201,200,12
202,201,15
203,202,12
204,203,12
205,204,12
206,205,12
207,206,12
208,207,12
209,208,12
210,209,15
211,210,12
212,211,12
213,212,12
214,213,12
215,214,12
216,215,15
217,216,12
218,217,12
219,218,12
220,219,9
221,220,12
222,221,12
223,222,12
224,223,12
225,224,12
226,225,12
227,226,15
228,227,12
229,228,12
230,229,12
231,230,12
232,231,12
233,232,15
234,233,12
235,234,15
236,235,12
237,236,12
238,237,12
239,238,12
240,239,12
241,240,15
242,241,12
243,242,12
244,243,12
245,244,12
246,245,12
247,246,15
248,247,15
249,248,12
250,249,12
251,250,12
252,251,15
253,252,12
254,253,15
255,254,15
256,255,15
257,256,12
258,257,12
259,258,15
260,259,12
261,260,12
262,261,12
263,262,12
264,263,12
265,264,12
266,265,12
267,266,12
268,267,12
269,268,12
270,269,12
271,270,12
272,271,12
273,272,12
274,273,15
275,274,12
276,275,12
277,276,12
278,277,15
279,278,12
280,279,12
281,280,12
282,281,12
283,282,12
284,283,12
285,284,15
286,285,12
287,286,15
288,287,15
289,288,12
290,289,12
291,290,15
292,291,12
293,292,15
294,293,12
295,294,12
296,295,15
297,296,12
298,297,15
299,298,12
300,299,12
301,300,12
302,301,12
303,302,15
304,303,12
305,304,12
306,305,15
307,306,15
308,307,15
309,308,15
310,309,12
311,310,12
312,311,12
313,312,15
314,313,15
315,314,12
316,315,15
317,316,15
318,317,15
319,318,12
320,319,12
321,320,12
322,321,12
323,322,12
324,323,12
325,324,15
326,325,12
327,326,12
328,327,12
329,328,15
330,329,15
331,330,12
332,331,12
333,332,15
334,333,15
335,334,12
336,335,15
337,336,12
338,337,15
339,338,15
340,339,12
341,340,12
342,341,12
343,342,12
344,343,12
345,344,12
346,345,12
347,346,12
348,347,12
349,348,15
350,349,15
351,350,12
352,351,12
353,352,12
354,353,15
355,354,15
356,355,12
357,356,15
358,357,12
359,358,15
360,359,12
361,360,12
362,361,15
363,362,15
364,363,15
365,364,12
366,365,12
367,366,12
368,367,12
369,368,15
370,369,12
371,370,12
372,371,15
373,372,12
374,373,15
375,374,12
376,375,12
377,376,12
378,377,15
379,378,15
380,379,12
381,380,15
382,381,15
383,382,15
384,383,15
385,384,12
386,385,12
387,386,12
388,387,15
389,388,12
390,389,12
391,390,12
392,391,15
393,392,15
394,393,15
395,394,15
396,395,15
397,396,12
398,397,15
399,398,12
400,399,12
401,400,15
402,401,12
403,402,12
404,403,15
405,404,15
406,405,12
407,406,15
408,407,12
409,408,15
410,409,15
411,410,12
412,411,12
413,412,15
414,413,12
415,414,12
416,415,12
417,416,12
418,417,15
419,418,12
420,419,12
421,420,12
422,421,12
423,422,12
424,423,15
425,424,15
426,425,15
427,426,12
428,427,15
429,428,12
430,429,15
431,430,15
432,431,12
433,432,15
434,433,15
435,434,15
436,435,12
437,436,12
438,437,12
439,438,15
440,439,12
441,440,15
442,441,15
443,442,12
444,443,15
445,444,15
446,445,12
447,446,12
448,447,12
449,448,15
450,449,12
451,450,15
452,451,15
453,452,15
454,453,15
455,454,15
456,455,12
457,456,12
458,457,12
459,458,12
460,459,15
461,460,15
462,461,12
463,462,12
464,463,12
465,464,15
466,465,12
467,466,15
468,467,15
469,468,15
470,469,15
471,470,12
472,471,12
473,472,12
474,473,15
475,474,12
476,475,12
477,476,12
478,477,15
479,478,15
480,479,12
481,480,12
482,481,15
483,482,12
484,483,15
485,484,15
486,485,15
487,486,15
488,487,12
489,488,15
490,489,12
491,490,12
492,491,15
493,492,12
494,493,12
495,494,15
496,495,12
497,496,12
498,497,15
499,498,15
500,499,15
501,500,15
502,501,15
503,502,15
504,503,15
505,504,15
506,505,15
507,506,15
508,507,15
509,508,12
510,509,15
511,510,15
512,511,15
513,512,15
514,513,12
515,514,15
516,515,15
517,516,12
518,517,12
519,518,15
520,519,12
521,520,12
522,521,12
523,522,15
524,523,12
525,524,15
526,525,12
527,526,12
528,527,15
529,528,15
530,529,12
531,530,12
532,531,15
533,532,15
534,533,12
535,534,15
536,535,15
537,536,15
538,537,15
539,538,15
540,539,15
541,540,15
542,541,15
543,542,15
544,543,15
545,544,15
546,545,15
547,546,15
548,547,15
549,548,15
550,549,15
551,550,15
552,551,12
553,552,12
554,553,12
555,554,15
556,555,15
557,556,15
558,557,12
559,558,15
560,559,15
561,560,15
562,561,15
563,562,12
564,563,12
565,564,15
566,565,12
567,566,12
568,567,15
569,568,15
570,569,15
571,570,15
572,571,12
573,572,15
574,573,15
575,574,15
576,575,15
577,576,15
578,577,12
579,578,15
580,579,15
581,580,12
582,581,15
583,582,12
584,583,15
585,584,15
586,585,15
587,586,12
588,587,12
589,588,15
590,589,12
591,590,15
592,591,15
593,592,15
594,593,15
595,594,12
596,595,12
597,596,15
598,597,12
599,598,15
600,599,12
601,600,15
602,601,15
603,602,15
604,603,15
605,604,15
606,605,12
607,606,15
608,607,15
609,608,15
610,609,12
611,610,12
612,611,12
613,612,15
614,613,15
615,614,15
616,615,15
617,616,15
618,617,12
619,618,15
620,619,12
621,620,15
622,621,15
623,622,15
624,623,15
625,624,15
626,625,15
627,626,15
628,627,15
629,628,15
630,629,15
631,630,15
632,631,15
633,632,12
634,633,15
635,634,15
636,635,15
637,636,15
638,637,15
639,638,12
640,639,12
641,640,15
642,641,15
643,642,15
644,643,15
645,644,15
646,645,12
647,646,15
648,647,15
649,648,15
650,649,15
651,650,15
652,651,15
653,652,15
654,653,15
655,654,15
656,655,15
657,656,15
658,657,15
659,658,15
660,659,15
661,660,15
662,661,12
663,662,15
664,663,15
665,664,12
666,665,12
667,666,12
668,667,12
669,668,15
670,669,15
671,670,15
672,671,15
673,672,15
674,673,12
675,674,15
676,675,15
677,676,15
678,677,15
679,678,15
680,679,15
681,680,15
682,681,15
683,682,12
684,683,15
685,684,15
686,685,15
687,686,15
688,687,15
689,688,15
690,689,15
691,690,15
692,691,15
693,692,15
694,693,15
695,694,15
696,695,15
697,696,15
698,697,15
699,698,15
700,699,15
701,700,15
702,701,15
703,702,12
704,703,15
705,704,15
706,705,15
707,706,15
708,707,15
709,708,12
710,709,15
711,710,15
712,711,15
713,712,15
714,713,15
715,714,15
716,715,15
717,716,15
718,717,15
719,718,15
720,719,15
721,720,15
722,721,15
723,722,15
724,723,15
725,724,15
726,725,15
727,726,18
728,727,15
729,728,18
730,729,15
731,730,15
732,731,15
733,732,15
734,733,15
735,734,15
736,735,15
737,736,15
738,737,15
739,738,15
740,739,15
741,740,15
742,741,15
743,742,15
744,743,15
745,744,15
746,745,15
747,746,15
748,747,15
749,748,15
750,749,15
751,750,15
752,751,15
753,752,15
754,753,15
755,754,15
756,755,15
757,756,18
758,757,15
759,758,15
760,759,15
761,760,15
762,761,15
763,762,15
764,763,15
765,764,15
766,765,15
767,766,15
768,767,15
769,768,15
770,769,15
771,770,15
772,771,15
773,772,15
774,773,15
775,774,15
776,775,15
777,776,15
778,777,15
779,778,15
780,779,15
781,780,15
782,781,15
783,782,15
784,783,15
785,784,15
786,785,15
787,786,15
788,787,15
789,788,15
790,789,15
791,790,15
792,791,15
793,792,15
794,793,15
795,794,15
796,795,15
797,796,15
798,797,15
799,798,15
800,799,15
801,800,12
802,801,15
803,802,15
804,803,15
805,804,15
806,805,15
807,806,15
808,807,18
809,808,15
810,809,15
811,810,15
812,811,15
813,812,15
814,813,15
815,814,15
816,815,15
817,816,15
818,817,15
819,818,15
820,819,15
821,820,15
822,821,15
823,822,15
824,823,15
825,824,15
826,825,18
827,826,15
828,827,15
829,828,15
830,829,15
831,830,15
832,831,15
833,832,15
834,833,15
835,834,15
836,835,15
837,836,15
838,837,15
839,838,18
840,839,15
841,840,15
842,841,15
843,842,15
844,843,15
845,844,12
846,845,15
847,846,15
848,847,15
849,848,15
850,849,15
851,850,18
852,851,15
853,852,15
854,853,15
855,854,15
856,855,15
857,856,15
858,857,15
859,858,15
860,859,15
861,860,15
862,861,15
863,862,18
864,863,18
865,864,15
866,865,15
867,866,15
868,867,15
869,868,15
870,869,15
871,870,15
872,871,15
873,872,15
874,873,15
875,874,15
876,875,15
877,876,15
878,877,15
879,878,15
880,879,15
881,880,18
882,881,15
883,882,18
884,883,15
885,884,15
886,885,15
887,886,15
888,887,15
889,888,15
890,889,15
891,890,12
892,891,15
893,892,15
894,893,18
895,894,15
896,895,15
897,896,15
898,897,15
899,898,15
900,899,15
901,900,15
902,901,15
903,902,15
904,903,15
905,904,15
906,905,15
907,906,15
908,907,15
909,908,15
910,909,15
911,910,15
912,911,15
913,912,18
914,913,15
915,914,15
916,915,15
917,916,15
918,917,15
919,918,15
920,919,18
921,920,15
922,921,15
923,922,15
924,923,15
925,924,15
926,925,15
927,926,15
928,927,15
929,928,18
930,929,15
931,930,15
932,931,15
933,932,15
934,933,15
935,934,15
936,935,18
937,936,15
938,937,15
939,938,15
940,939,15
941,940,15
942,941,15
943,942,15
944,943,15
945,944,15
946,945,15
947,946,15
948,947,15
949,948,18
950,949,15
951,950,15
952,951,15
953,952,12
954,953,15
955,954,15
956,955,15
957,956,15
958,957,15
959,958,15
960,959,15
961,960,15
962,961,15
963,962,15
964,963,15
965,964,15
966,965,18
967,966,15
968,967,15
969,968,15
970,969,18
971,970,15
972,971,15
973,972,15
974,973,15
975,974,18
976,975,15
977,976,18
978,977,15
979,978,15
980,979,15
981,980,18
982,981,18
983,982,18
984,983,15
985,984,18
986,985,15
987,986,18
988,987,15
989,988,15
990,989,15
991,990,15
992,991,15
993,992,15
994,993,15
995,994,15
996,995,18
997,996,18
998,997,15
999,998,12
1000,999,15
1001,1000,15
1002,1001,18
1003,1002,15
1004,1003,18
1005,1004,18
1006,1005,15
1007,1006,15
1008,1007,18
1009,1008,15
1010,1009,15
1011,1010,15
1012,1011,18
1013,1012,15
1014,1013,15
1015,1014,15
1016,1015,15
1017,1016,15
1018,1017,18
1019,1018,15
1020,1019,18
1021,1020,15
1022,1021,15
1023,1022,15
1024,1023,18
1025,1024,15
1026,1025,15
1027,1026,15
1028,1027,18
1029,1028,15
1030,1029,15
1031,1030,15
1032,1031,15
1033,1032,15
1034,1033,15
1035,1034,18
1036,1035,15
1037,1036,15
1038,1037,15
1039,1038,15
1040,1039,15
1041,1040,15
1042,1041,18
1043,1042,15
1044,1043,15
1045,1044,15
1046,1045,15
1047,1046,15
1048,1047,15
1049,1048,15
1050,1049,18
1051,1050,15
1052,1051,18
1053,1052,15
1054,1053,15
1055,1054,15
1056,1055,15
1057,1056,18
1058,1057,18
1059,1058,15
1060,1059,15
1061,1060,18
1062,1061,15
1063,1062,15
1064,1063,15
1065,1064,18
1066,1065,15
1067,1066,15
1068,1067,15
1069,1068,18
1070,1069,15
1071,1070,15
1072,1071,15
1073,1072,15
1074,1073,15
1075,1074,15
1076,1075,15
1077,1076,15
1078,1077,18
1079,1078,15
1080,1079,15
1081,1080,15
1082,1081,15
1083,1082,18
1084,1083,15
1085,1084,15
1086,1085,15
1087,1086,18
1088,1087,15
1089,1088,15
1090,1089,15
1091,1090,15
1092,1091,15
1093,1092,18
1094,1093,15
1095,1094,15
1096,1095,15
1097,1096,15
1098,1097,15
1099,1098,15
1100,1099,15
1101,1100,15
1102,1101,15
1103,1102,15
1104,1103,15
1105,1104,15
1106,1105,15
1107,1106,18
1108,1107,15
1109,1108,15
1110,1109,18
1111,1110,18
1112,1111,15
1113,1112,15
1114,1113,15
1115,1114,18
1116,1115,15
1117,1116,15
1118,1117,15
1119,1118,15
1120,1119,18
1121,1120,15
1122,1121,18
1123,1122,15
1124,1123,15
1125,1124,15
1126,1125,15
1127,1126,18
1128,1127,18
1129,1128,15
1130,1129,15
1131,1130,15
1132,1131,18
1133,1132,18
1134,1133,18
1135,1134,15
1136,1135,15
1137,1136,18
1138,1137,15
1139,1138,15
1140,1139,15
1141,1140,15
1142,1141,18
1143,1142,15
1144,1143,15
1145,1144,15
1146,1145,15
1147,1146,15
1148,1147,15
1149,1148,18
1150,1149,15
1151,1150,18
1152,1151,15
1153,1152,15
1154,1153,18
1155,1154,15
1156,1155,15
1157,1156,15
1158,1157,15
1159,1158,15
1160,1159,18
1161,1160,15
1162,1161,18
1163,1162,18
1164,1163,15
1165,1164,18
1166,1165,15
1167,1166,15
1168,1167,18
1169,1168,18
1170,1169,15
1171,1170,18
1172,1171,15
1173,1172,18
1174,1173,18
1175,1174,18
1176,1175,18
1177,1176,15
1178,1177,18
1179,1178,15
1180,1179,18
1181,1180,18
1182,1181,15
1183,1182,15
1184,1183,15
1185,1184,18
1186,1185,15
1187,1186,15
1188,1187,15
1189,1188,18
1190,1189,15
1191,1190,15
1192,1191,18
1193,1192,15
1194,1193,18
1195,1194,15
1196,1195,15
1197,1196,15
1198,1197,15
1199,1198,15
1200,1199,18
1201,1200,18
1202,1201,15
1203,1202,18
1204,1203,15
1205,1204,18
1206,1205,18
1207,1206,18
1208,1207,15
1209,1208,18
1210,1209,18
1211,1210,15
1212,1211,18
1213,1212,18
1214,1213,18
1215,1214,15
1216,1215,15
1217,1216,15
1218,1217,15
1219,1218,18
1220,1219,15
1221,1220,18
1222,1221,18
1223,1222,18
1224,1223,18
1225,1224,18
1226,1225,18
1227,1226,18
1228,1227,15
1229,1228,15
1230,1229,15
1231,1230,15
1232,1231,18
1233,1232,15
1234,1233,18
1235,1234,18
1236,1235,18
1237,1236,18
1238,1237,18
1239,1238,15
1240,1239,15
1241,1240,15
1242,1241,15
1243,1242,15
1244,1243,18
1245,1244,18
1246,1245,15
1247,1246,15
1248,1247,15
1249,1248,18
1250,1249,18
1251,1250,18
1252,1251,18
1253,1252,18
1254,1253,18
1255,1254,18
1256,1255,18
1257,1256,18
1258,1257,18
1259,1258,18
1260,1259,15
1261,1260,15
1262,1261,18
1263,1262,18
1264,1263,18
1265,1264,18
1266,1265,15
1267,1266,18
1268,1267,15
1269,1268,18
1270,1269,15
1271,1270,18
1272,1271,18
1273,1272,18
1274,1273,18
1275,1274,15
1276,1275,18
1277,1276,18
1278,1277,18
1279,1278,15
1280,1279,15
1281,1280,18
1282,1281,18
1283,1282,18
1284,1283,18
1285,1284,18
1286,1285,15
1287,1286,18
1288,1287,18
1289,1288,18
1290,1289,18
1291,1290,15
1292,1291,18
1293,1292,18
1294,1293,18
1295,1294,18
1296,1295,18
1297,1296,15
1298,1297,18
1299,1298,18
1300,1299,18
1301,1300,18
1302,1301,18
1303,1302,18
1304,1303,18
1305,1304,18
1306,1305,18
1307,1306,15
1308,1307,18
1309,1308,15
1310,1309,18
1311,1310,18
1312,1311,15
1313,1312,15
1314,1313,18
1315,1314,18
1316,1315,18
1317,1316,15
1318,1317,15
1319,1318,18
1320,1319,18
1321,1320,15
1322,1321,18
1323,1322,18
1324,1323,15
1325,1324,15
1326,1325,18
1327,1326,18
1328,1327,18
1329,1328,18
1330,1329,18
1331,1330,18
1332,1331,18
1333,1332,18
1334,1333,15
1335,1334,15
1336,1335,15
1337,1336,18
1338,1337,18
1339,1338,15
1340,1339,15
1341,1340,18
1342,1341,18
1343,1342,18
1344,1343,18
1345,1344,15
1346,1345,15
1347,1346,18
1348,1347,18
1349,1348,18
1350,1349,18
1351,1350,15
1352,1351,15
1353,1352,18
1354,1353,21
1355,1354,21
1356,1355,18
1357,1356,18
1358,1357,18
1359,1358,18
1360,1359,18
1361,1360,18
1362,1361,18
1363,1362,18
1364,1363,18
1365,1364,15
1366,1365,18
1367,1366,21
1368,1367,21
1369,1368,18
1370,1369,18
1371,1370,18
1372,1371,15
1373,1372,18
1374,1373,18
1375,1374,18
1376,1375,18
1377,1376,18
1378,1377,18
1379,1378,18
1380,1379,18
1381,1380,18
1382,1381,18
1383,1382,18
1384,1383,18
1385,1384,15
1386,1385,18
1387,1386,18
1388,1387,18
1389,1388,15
1390,1389,18
1391,1390,18
1392,1391,18
1393,1392,18
1394,1393,21
1395,1394,15
1396,1395,18
1397,1396,18
1398,1397,18
1399,1398,18
1400,1399,18
1401,1400,18
1402,1401,21
1403,1402,18
1404,1403,18
1405,1404,18
1406,1405,18
1407,1406,15
1408,1407,18
1409,1408,18
1410,1409,18
1411,1410,18
1412,1411,18
1413,1412,18
1414,1413,18
1415,1414,18
1416,1415,18
1417,1416,18
1418,1417,18
1419,1418,18
1420,1419,15
1421,1420,18
1422,1421,18
1423,1422,21
1424,1423,18
1425,1424,18
1426,1425,18
1427,1426,18
1428,1427,18
1429,1428,18
1430,1429,18
1431,1430,18
1432,1431,18
1433,1432,18
1434,1433,18
1435,1434,18
1436,1435,15
1437,1436,18
1438,1437,18
1439,1438,18
1440,1439,18
1441,1440,18
1442,1441,18
1443,1442,18
1444,1443,18
1445,1444,18
1446,1445,18
1447,1446,18
1448,1447,18
1449,1448,18
1450,1449,18
1451,1450,18
1452,1451,18
1453,1452,18
1454,1453,18
1455,1454,18
1456,1455,18
1457,1456,18
1458,1457,18
1459,1458,18
1460,1459,18
1461,1460,18
1462,1461,18
1463,1462,18
1464,1463,18
1465,1464,15
1466,1465,18
1467,1466,18
1468,1467,21
1469,1468,18
1470,1469,15
1471,1470,18
1472,1471,18
1473,1472,18
1474,1473,18
1475,1474,15
1476,1475,18
1477,1476,21
1478,1477,18
1479,1478,18
1480,1479,21
1481,1480,18
1482,1481,18
1483,1482,18
1484,1483,18
1485,1484,18
1486,1485,18
1487,1486,18
1488,1487,18
1489,1488,18
1490,1489,18
1491,1490,21
1492,1491,18
1493,1492,18
1494,1493,18
1495,1494,18
1496,1495,18
1497,1496,18
1498,1497,21
1499,1498,18
1500,1499,21
1501,1500,18
1502,1501,18
1503,1502,18
1504,1503,21
1505,1504,18
1506,1505,18
1507,1506,18
1508,1507,18
1509,1508,18
1510,1509,15
1511,1510,21
1512,1511,18
1513,1512,18
1514,1513,18
1515,1514,18
1516,1515,18
1517,1516,21
1518,1517,18
1519,1518,18
1520,1519,18
1521,1520,18
1522,1521,18
1523,1522,18
1524,1523,18
1525,1524,18
1526,1525,18
1527,1526,18
1528,1527,18
1529,1528,18
1530,1529,21
1531,1530,18
1532,1531,18
1533,1532,18
1534,1533,18
1535,1534,18
1536,1535,18
1537,1536,21
1538,1537,18
1539,1538,24
1540,1539,21
1541,1540,24
1542,1541,21
1543,1542,24
1544,1543,21
1545,1544,21
1546,1545,21
1547,1546,21
1548,1547,21
1549,1548,21
1550,1549,21
1551,1550,24
1552,1551,21
1553,1552,21
1554,1553,21
1555,1554,24
1556,1555,21
1557,1556,21
1558,1557,21
1559,1558,24
1560,1559,21
1561,1560,24
1562,1561,21
1563,1562,24
1564,1563,24
1565,1564,24
1566,1565,24
1567,1566,21
1568,1567,24
1569,1568,21
1570,1569,21
1571,1570,21
1572,1571,24
1573,1572,24
1574,1573,21
1575,1574,24
1576,1575,21
1577,1576,21
1578,1577,21
1579,1578,24
1580,1579,24
1581,1580,24
1582,1581,21
1583,1582,24
1584,1583,24
1585,1584,24
1586,1585,24
1587,1586,21
1588,1587,21
1589,1588,21
1590,1589,24
1591,1590,21
1592,1591,21
1593,1592,21
1594,1593,24
1595,1594,24
1596,1595,21
1597,1596,21
1598,1597,21
1599,1598,21
1600,1599,24
1601,1600,21
1602,1601,24
1603,1602,21
1604,1603,21
1605,1604,21
1606,1605,24
1607,1606,21
1608,1607,21
1609,1608,24
1610,1609,24
1611,1610,24
1612,1611,24
1613,1612,24
1614,1613,21
1615,1614,21
1616,1615,24
1617,1616,24
1618,1617,24
1619,1618,24
1620,1619,21
1621,1620,21
1622,1621,21
1623,1622,24
1624,1623,24
1625,1624,24
1626,1625,24
1627,1626,24
1628,1627,27
1629,1628,24
1630,1629,21
1631,1630,21
1632,1631,24
1633,1632,24
1634,1633,21
1635,1634,21
1636,1635,24
1637,1636,24
1638,1637,21
1639,1638,21
1640,1639,21
1641,1640,24
1642,1641,27
1643,1642,24
1644,1643,24
1645,1644,24
1646,1645,24
1647,1646,24
1648,1647,24
1649,1648,21
1650,1649,24
1651,1650,27
1652,1651,21
1653,1652,24
1654,1653,24
1655,1654,24
1656,1655,21
1657,1656,24
1658,1657,24
1659,1658,24
1660,1659,24
1661,1660,24
1662,1661,24
1663,1662,24
1664,1663,24
1665,1664,24
1666,1665,24
1667,1666,24
1668,1667,21
1669,1668,24
1670,1669,24
1671,1670,21
1672,1671,27
1673,1672,24
1674,1673,24
1675,1674,24
1676,1675,24
1677,1676,24
1678,1677,24
1679,1678,24
1680,1679,24
1681,1680,24
1682,1681,24
1683,1682,24
1684,1683,24
1685,1684,24
1686,1685,24
1687,1686,24
1688,1687,24
1689,1688,24
1690,1689,24
1691,1690,24
1692,1691,27
1693,1692,27
1694,1693,21
1695,1694,24
1696,1695,24
1697,1696,21
1698,1697,24
1699,1698,27
1700,1699,27
1701,1700,24
1702,1701,24
1703,1702,24
1704,1703,27
1705,1704,24
1706,1705,24
1707,1706,24
1708,1707,24
1709,1708,24
1710,1709,27
1711,1710,24
1712,1711,24
1713,1712,24
1714,1713,27
1715,1714,24
1716,1715,24
1717,1716,24
1718,1717,24
1719,1718,24
1720,1719,27
1721,1720,27
1722,1721,27
1723,1722,24
1724,1723,24
1725,1724,24
1726,1725,30
1727,1726,24
1728,1727,27
1729,1728,24
1730,1729,24
1731,1730,24
1732,1731,24
1733,1732,24
1734,1733,24
1735,1734,27
1736,1735,21
1737,1736,27
1738,1737,24
1739,1738,24
1740,1739,24
1741,1740,27
1742,1741,21
1743,1742,24
1744,1743,24
1745,1744,30
1746,1745,27
1747,1746,24
1748,1747,24
1749,1748,27
1750,1749,21
1751,1750,24
1752,1751,27
1753,1752,27
1754,1753,24
1755,1754,24
1756,1755,24
1757,1756,27
1758,1757,24
1759,1758,21
1760,1759,24
1761,1760,24
1762,1761,27
1763,1762,27
1764,1763,24
1765,1764,27
1766,1765,24
1767,1766,24
1768,1767,24
1769,1768,27
1770,1769,27
1771,1770,27
1772,1771,27
1773,1772,24
1774,1773,27
1775,1774,27
1776,1775,27
1777,1776,27
1778,1777,24
1779,1778,27
1780,1779,27
1781,1780,24
1782,1781,24
1783,1782,24
1784,1783,24
1785,1784,27
1786,1785,27
1787,1786,27
1788,1787,24
1789,1788,27
1790,1789,27
1791,1790,27
1792,1791,27
1793,1792,27
1794,1793,27
1795,1794,27
1796,1795,24
1797,1796,24
1798,1797,27
1799,1798,27
1800,1799,27
1801,1800,24
1802,1801,27
1803,1802,24
1804,1803,27
1805,1804,27
1806,1805,27
1807,1806,24
1808,1807,27
1809,1808,27
1810,1809,27
1811,1810,27
1812,1811,27
1813,1812,27
1814,1813,27
1815,1814,30
1816,1815,24
1817,1816,24
1818,1817,30
1819,1818,27
1820,1819,27
1821,1820,27
1822,1821,24
1823,1822,27
1824,1823,27
1825,1824,30
1826,1825,30
1827,1826,27
1828,1827,27
1829,1828,27
1830,1829,27
1831,1830,24
1832,1831,27
1833,1832,27
1834,1833,24
1835,1834,27
1836,1835,27
1837,1836,27
1838,1837,27
1839,1838,27
1840,1839,27
1841,1840,24
1842,1841,24
1843,1842,30
1844,1843,30
1845,1844,24
1846,1845,27
1847,1846,27
1848,1847,30
1849,1848,27
1850,1849,27
1851,1850,27
1852,1851,27
1853,1852,27
1854,1853,27
1855,1854,27
1856,1855,27
1857,1856,30
1858,1857,24
1859,1858,27
1860,1859,27
1861,1860,27
1862,1861,30
1863,1862,27
1864,1863,27
1865,1864,27
1866,1865,24
1867,1866,27
1868,1867,30
1869,1868,24
1870,1869,27
1871,1870,30
1872,1871,24
1873,1872,27
1874,1873,27
1875,1874,24
1876,1875,27
1877,1876,24
1878,1877,30
1879,1878,27
1880,1879,27
1881,1880,30
1882,1881,24
1883,1882,27
1884,1883,27
1885,1884,27
1886,1885,27
1887,1886,30
1888,1887,27
1889,1888,27
1890,1889,30
1891,1890,24
1892,1891,27
1893,1892,27
1894,1893,27
1895,1894,27
1896,1895,27
1897,1896,27
1898,1897,27
1899,1898,30
1900,1899,27
1901,1900,27
1902,1901,27
1903,1902,27
1904,1903,27
1905,1904,30
1906,1905,30
1907,1906,30
1908,1907,24
1909,1908,27
1910,1909,27
1911,1910,27
1912,1911,30
1913,1912,27
1914,1913,27
1915,1914,30
1916,1915,30
1917,1916,27
1918,1917,24
1919,1918,27
1920,1919,27
1921,1920,33
1922,1921,30
1923,1922,27
1924,1923,27
1925,1924,27
1926,1925,24
1927,1926,30
1928,1927,30
1929,1928,30
1930,1929,27
1931,1930,30
1932,1931,27
1933,1932,30
1934,1933,30
1935,1934,24
1936,1935,27
1937,1936,30
1938,1937,30
1939,1938,27
1940,1939,27
1941,1940,30
1942,1941,27
1943,1942,30
1944,1943,27
1945,1944,30
1946,1945,30
1947,1946,27
1948,1947,24
1949,1948,30
1950,1949,27
1951,1950,27
1952,1951,30
1953,1952,30
1954,1953,30
1955,1954,30
1956,1955,30
1957,1956,30
1958,1957,30
1959,1958,27
1960,1959,30
1961,1960,27
1962,1961,24
1963,1962,30
1964,1963,27
1965,1964,27
1966,1965,33
1967,1966,30
1968,1967,27
1969,1968,27
1970,1969,33
1971,1970,27
1972,1971,30
1973,1972,27
1974,1973,30
1975,1974,27
1976,1975,30
1977,1976,30
1978,1977,33
1979,1978,30
1980,1979,30
1981,1980,27
1982,1981,30
1983,1982,30
1984,1983,30
1985,1984,27
1986,1985,30
1987,1986,27
1988,1987,30
1989,1988,30
1990,1989,30
1991,1990,30
1992,1991,30
1993,1992,33
1994,1993,30
1995,1994,30
1996,1995,30
1997,1996,30
1998,1997,27
1999,1998,30
2000,1999,27
